season,race,driver,fp2_mean_lap,fp2_std_lap,fp2_best_lap,fp2_laps_count,best_quali_lap,best_quali_lap_number,best_quali_compound,fp2_deg_slope,dnf,score,win_prob
2024,Abu Dhabi Grand Prix,ALB,0.14060663614958213,-0.6721754285876903,-0.25809277510587314,-1.2846880465913206,1.052347607776289,-1.0296874343112348,SOFT,2.898956215085904,1,0.00048277152,0.050463929772377014
2024,Abu Dhabi Grand Prix,ALO,-0.5171694650284241,-1.0959150369272637,0.4969035054284652,-0.2460040940281249,-0.3071636892584589,1.3472545869492791,SOFT,-0.8806193969701501,1,0.0029977488,0.050591010600328445
2024,Abu Dhabi Grand Prix,BOT,-0.27881112555741633,-0.3605106819592782,-0.35463328310863057,0.013666894112674015,-0.28976194465642374,0.6158878111768132,SOFT,-0.5896518055391718,1,0.0040304945,0.050643280148506165
2024,Abu Dhabi Grand Prix,COL,1.1878528068693928,1.0521011122601298,2.207403275425981,-3.102384963576913,1.250292452624566,-1.0296874343112348,SOFT,-0.7681817568715018,1,0.0037186812,0.05062749609351158
2024,Abu Dhabi Grand Prix,DOO,2.1945601430020423,1.4837972011343128,1.4548823925327155,1.0523508466758698,1.6701095411488915,-1.0296874343112348,SOFT,-1.15190700011991,1,0.0021064216,0.050545934587717056
2024,Abu Dhabi Grand Prix,GAS,-0.47388194500751324,-0.25838613601836496,0.3558058398859735,0.013666894112674015,-0.7683099212126525,1.1644128930061626,SOFT,0.7757551334457224,1,0.000781978,0.05047903582453728
2024,Abu Dhabi Grand Prix,HAM,0.3191695498667393,1.2930606910884086,-0.6294024212703249,0.27333788225347294,1.1959120007431638,-1.3953708221974677,SOFT,-0.4973024630145389,1,0.0013323843,0.050506822764873505
2024,Abu Dhabi Grand Prix,HUL,-0.36498770847919176,-0.059975973382209724,-0.9759580910238015,0.7926798585350707,-0.9814812925876988,0.9815711990630462,SOFT,-0.48312677404311916,1,0.012314565,0.05106456205248833
2024,Abu Dhabi Grand Prix,LAW,0.6367726494761281,0.5627220552336376,0.3211502729106364,0.27333788225347294,0.2931964995120776,0.06736272934746393,SOFT,0.09070801203389121,1,0.0024788938,0.05056476593017578
2024,Abu Dhabi Grand Prix,LEC,-0.2492906438541753,-0.047770935508327464,-0.42641981470044804,0.5330088703942718,-0.7770107935136547,0.06736272934746393,SOFT,0.5153222153858835,1,0.0028019196,0.050581105053424835
2024,Abu Dhabi Grand Prix,MAG,-1.7410531673568768,-1.826406267206362,-0.34225629490316056,-0.5056750821689238,0.6412313915529966,-1.5782125161405842,SOFT,0.699713599617182,1,0.0009475423,0.05048739165067673
2024,Abu Dhabi Grand Prix,NOR,0.3713220692340186,0.6617362842212765,-2.1195918012102775,0.27333788225347294,-1.6144697524870706,0.7987295051199298,SOFT,-1.2714189972265353,1,0.27414778,0.06634867936372757
2024,Abu Dhabi Grand Prix,PIA,-0.04381125601582585,0.022422624182513114,-1.540348753193733,0.7926798585350707,-1.159849174758644,0.7987295051199298,SOFT,-1.2374393844075928,1,0.31008655,0.06877654045820236
2024,Abu Dhabi Grand Prix,RUS,-1.4604428130528198,-1.231359368605102,0.39788759978463484,-0.7653460703097227,-0.44637764607480174,1.3472545869492791,SOFT,-0.3283239745987129,1,0.0054430477,0.05071486905217171
2024,Abu Dhabi Grand Prix,SAI,-1.3492853203936044,-0.9351123250630621,-0.6789103740922401,0.013666894112674015,-1.1163448132535405,0.7987295051199298,SOFT,0.2707546139193419,1,0.045117594,0.05276741087436676
2024,Abu Dhabi Grand Prix,STR,0.745634681842591,1.0369935896317597,0.7741480412312676,1.0523508466758698,0.8522275448527769,-1.0296874343112348,SOFT,-0.04857426887613217,1,0.0012244257,0.05050137639045715
2024,Abu Dhabi Grand Prix,TSU,1.3752436930014538,1.4156281762347545,0.3062978870640583,0.7926798585350707,0.17790994152353692,0.06736272934746393,SOFT,0.5861863468586308,1,0.0013789639,0.05050917714834213
2024,Abu Dhabi Grand Prix,VER,0.3813315154731921,0.20807562020159381,0.5563130488147774,0.7926798585350707,-0.8531434261476241,0.06736272934746393,SOFT,0.5909475990520943,1,0.056399513,0.05336609482765198
2024,Abu Dhabi Grand Prix,ZHO,-0.8737603001693149,-1.248925200930726,0.454821745529839,-0.7653460703097227,1.1806854742163637,-1.0296874343112348,SOFT,0.8282020862687124,1,0.0004167989,0.05046060308814049
2024,Australian Grand Prix,ALO,-0.7698372358792667,-0.32205229434564814,-0.6840076431800682,0.9120896481293194,-0.3847891680741558,0.0104449051227067,SOFT,0.05123203387279842,1,0.0031136612,0.05393674597144127
2024,Australian Grand Prix,BOT,-0.7050076209410554,-0.9863043599946026,0.659388691042269,0.9120896481293194,0.5352001142283674,0.0104449051227067,SOFT,0.5277919393283614,1,0.00059338857,0.05380098894238472
2024,Australian Grand Prix,GAS,-0.9912821739628447,-1.0326172241077394,0.8709786040104445,1.1768898685539606,1.4727130019080612,-1.3056131403383422,SOFT,0.14308883430948244,1,0.00044754124,0.05379313975572586
2024,Australian Grand Prix,HAM,2.0116338096840196,0.827688540189989,1.1564253733920176,-1.735912556117093,-0.019714056049350604,0.0104449051227067,SOFT,-1.0894553214749423,1,0.004329592,0.05400237813591957
2024,Australian Grand Prix,HUL,-0.3613587873079965,-0.6496988318675566,0.8929360478090184,-0.14711123356924555,1.4639511992194656,-1.3056131403383422,SOFT,0.007060600725156083,1,0.00016992474,0.053778208792209625
2024,Australian Grand Prix,LEC,1.11165981739167,1.1216830528452069,-1.9515509897346102,-0.4119114539938868,-0.9776711500024273,0.0104449051227067,SOFT,0.5439588901813224,1,0.03941907,0.055930931121110916
2024,Australian Grand Prix,MAG,-0.026017656913263743,-0.5000892533370805,2.0367192565897367,0.9120896481293194,0.6622462532130045,-0.36557167929473583,SOFT,-1.4172752653660061,1,0.0038967286,0.05397900566458702
2024,Australian Grand Prix,NOR,-0.598989650610236,-0.3801591729724915,-0.19894774835684795,-1.4711123356924516,-0.9616078450733422,0.7624780739575918,SOFT,-0.8766194418351622,1,0.046704646,0.05633990839123726
2024,Australian Grand Prix,OCO,-0.766929160446601,-0.9495424697716224,0.8989244415722684,0.9120896481293194,0.939703338351853,-0.7415882637121783,SOFT,-0.809505006208445,1,0.0024926092,0.05390326306223869
2024,Australian Grand Prix,PER,-0.16331058241490176,0.4912897145494189,-0.3286962798939214,0.9120896481293194,-1.0214801634454056,1.3265029505837556,SOFT,0.2226707766002004,1,0.040873177,0.056012313812971115
2024,Australian Grand Prix,PIA,-2.070968393291836,-1.8894282442678687,-0.35464598620134746,0.11768898685539568,-0.5863106299118351,0.5744697817488705,SOFT,0.15851715514530876,1,0.0048286244,0.05402933433651924
2024,Australian Grand Prix,RIC,0.2275388289482354,0.38592704959191043,0.5575859970670477,0.38248920728003694,0.7191979706888554,-1.6816297247557848,SOFT,-2.465467004966399,1,0.014640427,0.05456206202507019
2024,Australian Grand Prix,RUS,0.20482590312762117,-0.1938357749186126,-0.6061585242578468,-0.9415118948431692,-0.3643449618007521,1.5145112427924767,SOFT,0.5385585019907515,1,0.022037635,0.05496717244386673
2024,Australian Grand Prix,SAI,1.3029001112259209,2.2499559298971175,-1.093214550335493,-0.676711674418528,-1.1514469033262342,0.5744697817488705,SOFT,1.4826624831648982,1,0.01550562,0.05460929498076439
2024,Australian Grand Prix,STR,-0.7326924904085196,-0.35398147386104245,-0.8636594560775677,0.11768898685539568,-0.28256813670719955,0.5744697817488705,SOFT,0.8372846080185904,1,0.002214153,0.05388825759291649
2024,Australian Grand Prix,TSU,1.0122281646585194,1.2411718688393154,-0.13307541696109812,-0.4119114539938868,-0.27088573312241226,0.5744697817488705,SOFT,0.8421647183571817,1,0.0023340387,0.05389472469687462
2024,Australian Grand Prix,VER,0.7867967453227122,0.5880527306960603,-1.1910249818018905,-1.735912556117093,-1.545728024313018,1.1384946583750344,SOFT,1.3156910087381652,0,0.32553315,0.07445773482322693
2024,Australian Grand Prix,ZHO,0.5288103718178858,0.35194021283526133,0.33202316531797443,1.1768898685539606,1.773534894216505,-1.6816297247557848,SOFT,-0.012359510581262693,1,0.0064056725,0.054114606231451035
2024,Azerbaijan Grand Prix,ALB,0.5881238438796348,0.5790648623635296,0.25830435327708157,1.2164388608985446,0.06683330453380874,0.025634669284205453,SOFT,-0.8222845994562228,1,0.009275017,0.04985933378338814
2024,Azerbaijan Grand Prix,ALO,-0.012310331464140881,0.1447693093724621,0.1817487271686311,0.7485777605529508,-0.46806026276305723,0.8801236454243853,SOFT,-0.09785476063204558,1,0.031836156,0.05099700018763542
2024,Azerbaijan Grand Prix,BEA,-0.517946293041048,-0.16923522955155362,-0.011058034882338676,0.28071666020735697,0.2121971614637416,0.025634669284205453,SOFT,0.6080769278672006,1,0.00020954736,0.04940938204526901
2024,Azerbaijan Grand Prix,BOT,0.5454733614229678,0.36106462994760846,0.32635379870683323,1.2164388608985446,0.9503729974360465,-1.1706498973120463,SOFT,0.275783765898612,1,0.005983653,0.04969549924135208
2024,Azerbaijan Grand Prix,COL,-0.12302913326653529,-0.1190394784646295,0.2753167146345195,0.28071666020735697,-0.3499521290074878,0.025634669284205453,SOFT,-0.048347325884382314,1,0.001048214,0.04945083335042
2024,Azerbaijan Grand Prix,GAS,-0.28129969252759046,0.022621759150780543,1.185478047257428,-0.6550055404838308,0.3484757773355425,-0.8288543068559744,SOFT,1.0968741916209452,1,0.00039462151,0.04941852390766144
2024,Azerbaijan Grand Prix,HAM,-0.39305078975216884,0.706439954939948,-1.4245017243294185,-2.058588841520612,-0.5589126733442632,1.392817031108493,SOFT,2.9735783250461143,1,0.016471798,0.05021945387125015
2024,Azerbaijan Grand Prix,HUL,-0.028155384299429435,0.07327574984663812,-0.11313220302696618,0.28071666020735697,0.3632392940549948,-0.9997521020840103,SOFT,0.0590981870355875,1,0.0006597397,0.04943162947893143
2024,Azerbaijan Grand Prix,LEC,0.9980012440439753,0.9481431440683133,-1.518069711795327,-0.6550055404838308,-1.6082580155572226,1.0510214406524212,SOFT,-1.6273043986163533,1,0.024212167,0.05060968175530434
2024,Azerbaijan Grand Prix,NOR,-0.16130606214466156,0.04577009124647297,0.8523193040076155,1.2164388608985446,0.9401521012456603,-1.5124454877681182,SOFT,0.031900079920917444,1,0.0009820159,0.04944755882024765
2024,Azerbaijan Grand Prix,OCO,0.6885226809799879,0.6248097300492267,1.7794929979879417,0.28071666020735697,1.9565634446229359,-1.3415476925400822,SOFT,0.2780124313142349,1,0.0020982,0.04950278624892235
2024,Azerbaijan Grand Prix,PER,-0.34648386552994265,-0.03198324355399992,-1.5095635311166082,0.28071666020735697,-1.0994845163024496,0.1965324645122414,SOFT,0.10337684618739773,1,0.048719484,0.051865313202142715
2024,Azerbaijan Grand Prix,PIA,-1.6263522699024702,-1.7414114727481294,-0.8106390186818805,-0.6550055404838308,-1.2437127181001117,0.8801236454243853,SOFT,-0.8965399696988108,1,0.070784375,0.05302243307232857
2024,Azerbaijan Grand Prix,RIC,-1.098610944787941,-1.5297637795830195,0.7105496260289594,-0.18714444013823686,0.8697414830452268,-0.9997521020840103,SOFT,-0.7239668155426198,1,0.0014203537,0.049469243735075
2024,Azerbaijan Grand Prix,RUS,-2.1274942429603927,-2.6505331227186186,-0.026652699459983383,-2.526449941866206,-1.0302095532342865,1.0510214406524212,SOFT,-0.6815260210207958,1,0.008728283,0.04983207955956459
2024,Azerbaijan Grand Prix,SAI,0.6861742281128614,0.9193227121009511,-0.8574230124148348,-0.18714444013823686,-1.1085697573605653,1.563714826336529,SOFT,0.3658364398477833,1,0.005046659,0.049648962914943695
2024,Azerbaijan Grand Prix,STR,1.1555046355815346,0.6568512645211934,-0.654692372905373,0.28071666020735697,0.6687305246343127,-0.9997521020840103,SOFT,-0.1327526573387733,1,0.002672031,0.04953119531273842
2024,Azerbaijan Grand Prix,TSU,-1.0674188361725285,-0.8731556675032126,0.12787624953673093,-0.6550055404838308,0.2882860553254954,0.3674302597402774,SOFT,-1.0584403859969533,0,0.0028144817,0.0495382584631443
2024,Azerbaijan Grand Prix,VER,1.4457661383073759,1.3076823369617283,-0.7454249668117152,0.7485777605529508,-0.8609969385267857,1.0510214406524212,SOFT,1.1412446313841136,1,0.003214386,0.049558065831661224
2024,Azerbaijan Grand Prix,ZHO,1.6758917135204716,0.7253064495543117,1.9737174568186846,0.7485777605529508,1.6635644204985292,-0.6579565116279383,SOFT,-0.844764891935952,1,0.0018967828,0.049492817372083664
2024,Bahrain Grand Prix,ALB,0.13349769889256793,-0.8716570872242623,-0.016430507015931316,0.2837401532675119,0.34632680623159473,-0.06520441788243639,SOFT,-2.0711022676855433,1,0.0014843993,0.04829155281186104
2024,Bahrain Grand Prix,ALO,-0.39926952585365116,-0.0038919974665961223,-1.0952335530376545,-1.9861810728725833,-0.8291588295157097,0.36949170133380516,SOFT,1.6426217642425984,1,0.04121363,0.05024876073002815
2024,Bahrain Grand Prix,BOT,-0.20218392322898673,-0.7828536007007286,1.0543576575346125,-0.2837401532675119,1.2725194647364577,-1.369292775531161,SOFT,0.0015971703608379077,1,0.00020519817,0.04822981730103493
2024,Bahrain Grand Prix,GAS,1.6301370168253868,0.7509295577751126,0.974208842822728,0.2837401532675119,1.6049101010596885,-0.7172485967067987,SOFT,-0.8169506468835904,1,0.0015456784,0.048294514417648315
2024,Bahrain Grand Prix,HAM,-2.0854171997121034,-2.1594034136267695,-1.553684773189532,-0.8512204598025357,-0.538317022732886,1.2388839397662883,SOFT,0.010168173499942711,1,0.10557248,0.053589049726724625
2024,Bahrain Grand Prix,HUL,-0.8572054847080477,-0.19762800491523932,-0.7361668631284876,-1.4187007663375595,-0.29421764918299537,-0.06520441788243639,SOFT,1.6664378341663244,1,0.0013400008,0.04828457906842232
2024,Bahrain Grand Prix,LEC,0.9325025450758208,0.894145157217019,-0.3690852917481412,0.2837401532675119,-1.4818216935462354,0.1521436417256844,SOFT,-0.1358028439711598,1,0.050423346,0.0507136769592762
2024,Bahrain Grand Prix,MAG,-0.324879497893184,-0.1007407255132113,0.6744522758003519,0.2837401532675119,0.8795367853334506,-0.06520441788243639,SOFT,-1.0570179527273023,1,0.012214557,0.04881251975893974
2024,Bahrain Grand Prix,NOR,-0.13563474780580184,-0.29759444028396337,2.0273642681366684,0.2837401532675119,-0.704512340894489,0.5868397609419259,SOFT,-0.8639593748959372,1,0.021475967,0.049266692250967026
2024,Bahrain Grand Prix,OCO,1.6193051236005,1.4433394191162408,1.096035041184777,-0.2837401532675119,1.3365739102779266,-0.7172485967067987,SOFT,0.41227173391667055,1,0.0012502994,0.048280250281095505
2024,Bahrain Grand Prix,PER,-0.8066399560315727,-0.4245724604435163,-0.365879339159674,0.2837401532675119,-0.837814835669953,1.0215358801581675,SOFT,0.5093271305032324,1,0.012870725,0.048844557255506516
2024,Bahrain Grand Prix,PIA,-0.9648848756494238,-0.8420190428219174,-0.8964644925522111,1.4187007663375595,-0.5850594559658191,1.2388839397662883,SOFT,0.910234627493934,1,0.0045544663,0.04844003915786743
2024,Bahrain Grand Prix,RIC,-0.4279387631269595,-0.9746806969981864,0.27691415482951043,0.8512204598025357,0.44500527639006116,-0.06520441788243639,SOFT,-0.48431578126876285,1,0.00024189864,0.0482315868139267
2024,Bahrain Grand Prix,RUS,0.33871092112574736,1.7823367939704462,-1.223471656576638,-1.9861810728725833,-0.927837299674176,1.0215358801581675,SOFT,0.6371424340635381,1,0.26459873,0.06282612681388855
2024,Bahrain Grand Prix,SAI,1.3112269461936013,0.8711319800209659,-0.9205091369657719,-0.2837401532675119,-0.8897508725954616,1.2388839397662883,SOFT,1.4696332370065845,1,0.0012077654,0.04827819764614105
2024,Bahrain Grand Prix,SAR,0.8371968431888978,0.674689819191519,0.5959064373827352,0.2837401532675119,1.2967562819683536,-2.0213369543555233,SOFT,-0.5301765457242573,1,0.0004613593,0.048242174088954926
2024,Bahrain Grand Prix,STR,-0.03153092505861704,0.2668333332921802,-0.7249460290688182,0.2837401532675119,-0.09686070886606253,-1.369292775531161,SOFT,-1.0047754263320152,1,0.010541225,0.04873090982437134
2024,Bahrain Grand Prix,TSU,0.30513681122171604,0.09179099390669025,0.8620005022261262,1.9861810728725833,0.18705629299337648,-0.06520441788243639,SOFT,-0.8744973677492616,1,0.089960314,0.05275890231132507
2024,Bahrain Grand Prix,VER,-1.5873611933548595,-1.2976201492750197,-0.7890650808383213,-0.2837401532675119,-1.4575848763143395,1.0215358801581675,SOFT,0.7391814932778903,1,0.061860774,0.05129704251885414
2024,Bahrain Grand Prix,ZHO,0.7152321862989893,1.1774645647792612,1.1296975433637622,0.8512204598025357,1.2742506659673163,-1.369292775531161,SOFT,-0.1600173912937249,1,0.0024676742,0.048339057713747025
2024,Belgian Grand Prix,ALB,-0.8476560555468218,-0.6169217149558216,0.7154298619074334,-0.021479967965478283,-0.33199171826178964,0.1197732757500295,INTERMEDIATE,-0.4160157806169514,1,0.0016688354,0.048518888652324677
2024,Belgian Grand Prix,ALO,0.06420810180255608,0.372539978373805,0.11832466064553919,-0.4510793272750378,-0.4967994287819618,0.31939540200007877,INTERMEDIATE,0.8230156385492718,1,0.0046632723,0.0486643947660923
2024,Belgian Grand Prix,BOT,1.819472059941718,0.8302002078550934,0.34940774700960686,0.8377187506536408,-0.1089263984414696,0.31939540200007877,INTERMEDIATE,1.174975462417288,1,0.00077893655,0.048475731164216995
2024,Belgian Grand Prix,GAS,-2.2014393886418415,-2.7751657166399744,0.609165376937092,-1.7398774052037165,-0.2078110247535642,0.31939540200007877,INTERMEDIATE,-0.020228173138096547,1,0.0049770484,0.048679664731025696
2024,Belgian Grand Prix,HAM,1.033702812853196,1.2588358483525441,0.08627664136878554,0.8377187506536408,-0.821049017386762,1.1178839070002757,INTERMEDIATE,-0.09891362788469908,1,0.005896634,0.048724450170993805
2024,Belgian Grand Prix,HUL,0.5533524610221432,0.6185987370611092,0.6378399205005334,-0.021479967965478283,1.0746229273405936,-1.2775816080003155,INTERMEDIATE,1.1263845080969976,1,0.001984178,0.04853419214487076
2024,Belgian Grand Prix,LEC,0.9943104811113694,0.3203247783350686,-1.0640785768815366,0.40811939134408126,-0.8831393641408637,1.317506033250325,INTERMEDIATE,-0.46857218308058973,1,0.016055914,0.049221981316804886
2024,Belgian Grand Prix,MAG,-0.2858733371805181,0.24430874939702446,0.02892755424192666,-0.8806786865845974,1.2218000455725537,-1.2775816080003155,INTERMEDIATE,0.3474607301424915,1,0.00089420064,0.04848131909966469
2024,Belgian Grand Prix,NOR,-0.07546458242458895,0.3005730647955689,-2.0373263201812897,-1.7398774052037165,-0.7091330837312043,1.5171281595003743,INTERMEDIATE,1.102181974725213,1,0.038272474,0.050327762961387634
2024,Belgian Grand Prix,OCO,-1.5134355242162572,-1.0704046735660757,-0.1127584257185285,-0.021479967965478283,-0.341956835642083,0.31939540200007877,INTERMEDIATE,-0.580079810021658,1,0.002688402,0.04856837913393974
2024,Belgian Grand Prix,PER,-0.16383898966902377,0.8152305848038804,0.06097557351870427,0.40811939134408126,-0.8747073417421607,0.7186396545001773,INTERMEDIATE,-0.09766815830113158,1,0.018326713,0.049333877861499786
2024,Belgian Grand Prix,PIA,-0.8858754021280395,-0.41311846565299354,-1.6746776809968236,0.8377187506536408,-0.673871899154791,0.7186396545001773,INTERMEDIATE,-0.2106596755813765,1,0.370324,0.07014807313680649
2024,Belgian Grand Prix,RIC,-0.424314758270786,-0.6055090077562004,0.5990449497970595,-1.7398774052037165,-0.1717832926863666,-0.27947097675006904,INTERMEDIATE,-2.8690474674923623,1,0.003095605,0.04858816787600517
2024,Belgian Grand Prix,RUS,0.2611070404143524,0.654452292933822,-0.299986327809106,0.40811939134408126,-0.6217466697809716,0.1197732757500295,INTERMEDIATE,0.018050938324074662,1,0.021176685,0.04947468265891075
2024,Belgian Grand Prix,SAI,0.9022072115900287,0.9637542745821874,-0.6238399962901463,0.8377187506536408,-0.6087153624375194,0.31939540200007877,INTERMEDIATE,-0.7006626346073757,1,0.0075295605,0.04880407825112343
2024,Belgian Grand Prix,SAR,-0.498460587663753,-1.2286124311911615,1.278800306035894,0.40811939134408126,1.7813797138503418,-1.676825860500414,INTERMEDIATE,-1.5574794104106247,1,0.0008346503,0.04847843199968338
2024,Belgian Grand Prix,STR,-1.0075522583448295,-1.0123482042114658,0.10820423350550668,-0.8806786865845974,0.6208268127920239,0.1197732757500295,INTERMEDIATE,0.5042120999872799,1,0.0011708256,0.04849473014473915
2024,Belgian Grand Prix,TSU,0.27095455979713323,-0.25874035121532035,1.4845823245498804,-0.021479967965478283,1.2930889622161648,-1.4772037342503648,INTERMEDIATE,-0.01618326395074578,1,0.00036096183,0.04845547676086426
2024,Belgian Grand Prix,VER,1.2844179817842192,1.1755534168330348,-1.6713042052834632,2.1265168285823193,-1.3392351211617972,0.519017528250128,INTERMEDIATE,0.6081278217347912,1,0.061625276,0.05151688680052757
2024,Belgian Grand Prix,ZHO,0.7201781737699221,0.42644863186587445,1.4069923831429803,0.40811939134408126,2.199148096331703,-1.8764479867504633,INTERMEDIATE,1.331101011108205,0,0.0014616221,0.048508841544389725
2024,British Grand Prix,ALB,-0.4670249945893441,-0.6877439143840185,0.6392057019323292,1.0553351719790374,-0.4863283275250168,0.7977152257950223,SOFT,-0.28533166771181157,0,0.0076698544,0.052407726645469666
2024,British Grand Prix,ALO,-0.9972573596173694,-0.6811361715799863,-0.036749440967359416,0.4905078968353272,-0.46075492612682484,0.179078928239699,SOFT,0.35008434963813556,0,0.000632692,0.0520402155816555
2024,British Grand Prix,BOT,0.5537263968384245,0.7552847435929622,-0.01446520548714874,-1.7688012037395138,1.1591779779963618,-1.3675118156486092,SOFT,1.3395300391612752,0,0.0015303042,0.052086953073740005
2024,British Grand Prix,HAM,-1.4372852109042547,-1.2590641037328907,-0.4576738889268826,-0.6391466534520932,-0.6710251154008424,1.107033374572684,SOFT,0.1037724567175195,0,0.0067343023,0.0523587204515934
2024,British Grand Prix,HUL,1.0263792528418354,0.977919816104661,-0.9825914357940556,0.7729215344071824,-0.5721412966611708,-0.13023922053796266,SOFT,0.21629554968591305,0,0.0026505664,0.0521453395485878
2024,British Grand Prix,LEC,0.19809708810549753,0.5666722775927091,-0.5864272494791875,0.7729215344071824,-0.3564722782030932,0.02441985385086817,SOFT,-0.5994551438887236,0,0.006575506,0.052350401878356934
2024,British Grand Prix,MAG,1.7857501881308222,0.7611186412776384,1.8202701823834595,-1.2039739285958035,1.2938645586935023,-1.831489038815102,SOFT,-0.972220657551082,0,0.0030053488,0.05216383561491966
2024,British Grand Prix,NOR,-0.8470538415337607,-0.3750022368533889,-2.074518974324308,1.0553351719790374,-0.6596591592238669,0.3337380026285298,SOFT,-0.4087662132435866,0,0.03720795,0.05397884175181389
2024,British Grand Prix,OCO,0.3085707969106909,0.3727721026633618,0.881856266050167,-1.2039739285958035,1.7632785488025198,-1.2128527412597785,SOFT,-0.09361683921991952,0,0.0048480984,0.05226005241274834
2024,British Grand Prix,PER,1.0133554511033303,0.6130125391509516,-0.9999236189453071,0.20809425926347208,2.8404870454752094,-2.2954662619815944,INTERMEDIATE,1.0703243635436164,0,0.00066734594,0.052042022347450256
2024,British Grand Prix,PIA,-1.0828425484776132,-1.0975601874800938,-1.2549543138855077,0.20809425926347208,-0.6008403360080293,0.4883970770173607,SOFT,-1.2621189060601454,0,0.082941145,0.056504782289266586
2024,British Grand Prix,RIC,0.6144708544664611,0.4868716879728807,1.3102087925030936,0.20809425926347208,-0.11437741163355047,0.02441985385086817,SOFT,1.296084487941308,0,0.0021404142,0.05211874097585678
2024,British Grand Prix,RUS,-0.21329152673289858,0.05800432525661366,-0.2298794817958519,-0.07431937830838303,-0.7196145780574031,1.261692448961515,SOFT,0.3377942331089735,0,0.0024645564,0.052135635167360306
2024,British Grand Prix,SAI,1.0172246391367552,1.1241935480101446,-0.3413006591969053,2.184989722266458,-0.523551834004606,0.4883970770173607,SOFT,-2.6669105223368166,0,0.020106718,0.05306357890367508
2024,British Grand Prix,SAR,0.002391835353154574,0.1540070474228883,1.0452739929050452,0.4905078968353272,-0.33430866365799344,0.02441985385086817,SOFT,-0.6081556138493257,0,0.005541933,0.05229632556438446
2024,British Grand Prix,STR,-1.2429697325484728,-0.862574273646123,-0.27940000508519724,-1.2039739285958035,-0.5019565172683578,0.9523743001838532,SOFT,0.25959056064536185,0,0.020752927,0.05309788137674332
2024,British Grand Prix,TSU,0.385715961497524,0.518074052903173,0.8868083183791261,0.20809425926347208,-0.30759866664210267,-0.13023922053796266,SOFT,0.27961959062338143,0,0.008088625,0.0524296760559082
2024,British Grand Prix,VER,-1.6835156771202648,-2.6662849887583224,-0.3809170778283675,-0.6391466534520932,-0.6105013987584548,0.9523743001838532,SOFT,0.13149024936455148,0,0.008131617,0.05243192985653877
2024,British Grand Prix,ZHO,1.0655584271394543,1.2414350944868429,1.0551780975629284,-0.9215602910239483,-0.13767762179634493,0.3337380026285298,SOFT,1.5119896834313755,0,0.0015376412,0.05208733677864075
2024,Canadian Grand Prix,ALB,-0.1590682525605965,0.12712139419007715,-0.5054610560428618,0.07483708663316982,-0.3184106617689839,0.12116068545439657,SOFT,-0.7745980361644328,1,0.18049155,0.057478707283735275
2024,Canadian Grand Prix,ALO,-0.040673861948041436,1.154856071171465,-1.328329232651672,0.44902251979902025,-0.6898656779951866,0.8135074594795204,SOFT,-1.985073214533028,1,0.053356636,0.05061660706996918
2024,Canadian Grand Prix,BOT,0.9275150195649785,0.07660732040556369,0.08683480372696752,-0.1122556299497554,0.9549429152554453,-1.4366195561021322,SOFT,-0.14091655962568722,1,0.0033526549,0.048147812485694885
2024,Canadian Grand Prix,GAS,0.17688284458928166,-0.5474940129608468,2.1824339647221582,0.8232079529648706,0.33922370547972547,-0.051926008051884416,SOFT,-0.8210928908879732,1,0.0033800146,0.04814913123846054
2024,Canadian Grand Prix,HAM,-0.38418697092618165,-0.16156548909043786,-0.5541139302382431,0.8232079529648706,-1.0497578921598594,0.29424737896067754,SOFT,1.8428454819607323,1,0.009277839,0.04843394458293915
2024,Canadian Grand Prix,HUL,0.9320514355300863,-0.5767935439931822,0.1474746179415074,-0.2993483465326806,1.8394972729613974,-1.4366195561021322,SOFT,1.1062887984036294,1,0.0002457019,0.04799845442175865
2024,Canadian Grand Prix,LEC,0.6209127641378451,0.5018337876888396,-0.8023141000465585,0.26192980321609505,-0.02066850868494729,0.4673340724669585,SOFT,-0.9870436444648568,1,0.024208067,0.049162495881319046
2024,Canadian Grand Prix,MAG,-0.18049844680910973,1.9656040728739614,-0.6493043362726848,-1.0477192128643813,0.3045352992951767,-0.7442727820770083,SOFT,-0.9570276371039008,1,0.01835916,0.04887579008936882
2024,Canadian Grand Prix,NOR,1.0018871090383752,0.05982002105278455,2.220510127135935,-0.1122556299497554,-0.989053181336899,0.8135074594795204,SOFT,0.7194201206341719,1,0.026877591,0.04929391294717789
2024,Canadian Grand Prix,OCO,-0.5652696275860998,-0.04253866330247106,-0.19521084378247264,1.7586715358794967,1.054672083036023,-1.6097062496084131,SOFT,-0.07977786257949142,1,0.00056086364,0.04801357910037041
2024,Canadian Grand Prix,PER,0.6658473428561035,0.04450587410681454,-0.4603337524413554,-0.673533779698531,0.8971289049478571,-1.2635328625958513,SOFT,1.1709040231729717,1,0.0017205544,0.0480692982673645
2024,Canadian Grand Prix,PIA,-0.2598386831544812,-0.22047021744334488,0.9266257191863452,-0.2993483465326806,-0.8705344602063712,1.5058542335046443,SOFT,0.8336766857730022,1,0.0041055228,0.048184074461460114
2024,Canadian Grand Prix,RIC,-0.5701069373654587,-0.4339061527114423,-0.6789191292611777,0.26192980321609505,-0.7621331908796564,1.1596808464920825,SOFT,-0.3802514695660232,1,0.0023384308,0.04809900373220444
2024,Canadian Grand Prix,RUS,-0.6218341228850549,0.1059719284686499,-1.0018613956594924,0.07483708663316982,-1.3923059032322578,0.29424737896067754,SOFT,-0.9800266489945286,1,0.37990373,0.07016339898109436
2024,Canadian Grand Prix,SAI,-0.041184017462350675,-0.24589026643963416,0.019848962443474852,1.0103006695477958,0.032809450849551676,0.6404207659732395,SOFT,0.6357009202400895,1,0.0010824337,0.048038631677627563
2024,Canadian Grand Prix,SAR,-0.9759425201263463,-1.0838267897645208,-0.13950682839936157,-0.1122556299497554,0.04437225291108162,0.6404207659732395,SOFT,-0.7010319640312563,1,0.00162089,0.04806450381875038
2024,Canadian Grand Prix,STR,0.24729525321743545,1.0819523696462505,-0.8671845989737301,1.0103006695477958,-0.06691971693100544,-0.22501270155816538,SOFT,1.2586442774109925,1,0.0010095922,0.04803513363003731
2024,Canadian Grand Prix,TSU,0.030984593997075028,-0.5887043447653741,-0.5237940231309832,0.07483708663316982,-0.5814644086684717,-0.22501270155816538,SOFT,0.2808010212542381,1,0.0014249458,0.04805508628487587
2024,Canadian Grand Prix,VER,-2.928357445110165,-2.7441722453281865,1.1402752971747587,-3.1057390952765584,-1.0194055367483792,1.5058542335046443,SOFT,,1,0.022338148,0.049070656299591064
2024,Canadian Grand Prix,ZHO,2.123584523002762,1.527088886195045,0.9823297345694663,-0.8606264962814562,2.293337253875903,-1.2635328625958513,SOFT,-0.041441400898648964,1,0.0013139171,0.04804975166916847
2024,Dutch Grand Prix,ALB,-0.31587935600627215,-0.3767750625689348,-0.07213484399777179,0.5631879053567185,-0.3764551277344004,0.8595617221997816,SOFT,1.1177204754995493,0,0.00089252077,0.05140376463532448
2024,Dutch Grand Prix,ALO,0.20181730786650764,-0.02897741102914601,-0.3462472511893328,0.0,-0.3996591745371821,0.3491969496436612,SOFT,0.3747738786012867,0,0.0061356435,0.05167399346828461
2024,Dutch Grand Prix,BOT,-0.8872791426445725,-2.143137687343683,0.8595632861455841,0.42239092901753883,1.3812514175754182,-1.43707975430276,SOFT,0.739394395093376,0,0.00020080936,0.05136822164058685
2024,Dutch Grand Prix,GAS,-0.6577189061560664,-0.504900780215156,0.061370680748390395,0.5631879053567185,-0.18850234863197374,-0.1611678229124591,SOFT,-0.04794347505726438,0,9.362047e-05,0.051362715661525726
2024,Dutch Grand Prix,HAM,0.3884846206141733,1.2791533942929691,-1.1188749688691775,-0.14079697633917962,-0.034195437393559215,-0.4163502091905193,SOFT,-1.0673018465095778,0,0.1065762,0.0571337565779686
2024,Dutch Grand Prix,HUL,1.5298395588024343,0.5587860522931313,2.4076592645849924,-2.675142550444413,0.27557858742343033,0.6043793359217214,SOFT,,0,0.028269518,0.05283048748970032
2024,Dutch Grand Prix,LEC,-0.26056607194393583,0.38468749195386304,-0.22410389876200584,0.28159395267835924,-0.45882949388424754,2.3906560398681425,SOFT,1.1300851958919647,0,0.013763917,0.052069682627916336
2024,Dutch Grand Prix,MAG,0.18738816602889352,1.6317126538666942,-0.2425674287800777,0.5631879053567185,0.36839477463450787,-0.6715325954685795,SOFT,-1.2261242349642103,0,0.005814833,0.05165741592645645
2024,Dutch Grand Prix,NOR,-0.7687770648183653,-0.2455211800906807,-0.9086747809709887,0.7039848816958981,-1.513453421070129,-0.1611678229124591,SOFT,0.9015709367441853,0,0.20822464,0.06324674189090729
2024,Dutch Grand Prix,OCO,-0.7990553284845033,-0.8180043719250004,0.6536239128669534,0.42239092901753883,1.1805364127314568,-1.43707975430276,SOFT,0.34475876621500895,0,0.00023540636,0.05136999860405922
2024,Dutch Grand Prix,PER,0.6264313625218707,0.6242980056214346,-0.02810642626233081,0.0,-0.6514230823472338,0.6043793359217214,SOFT,-2.28235926625759,0,0.010621108,0.051906295120716095
2024,Dutch Grand Prix,PIA,-1.0817444346915996,-1.5099314525042802,-1.1898885458618067,0.42239092901753883,-0.934512453341026,0.3491969496436612,SOFT,0.6875078329077802,0,0.018757222,0.05233033373951912
2024,Dutch Grand Prix,RIC,-0.8144575962538251,-0.8294246468873886,0.04148687919043889,0.14079697633917962,1.1202058910442474,-1.43707975430276,SOFT,-0.17762354171318606,0,0.00017342785,0.05136681720614433
2024,Dutch Grand Prix,RUS,0.7209317510138795,1.1110708046146085,-1.2765251097928292,-0.14079697633917962,-0.8509778848510513,0.8595617221997816,SOFT,-1.743642713096995,0,0.012670723,0.052012789994478226
2024,Dutch Grand Prix,SAI,2.9910822378891933,1.3319326391456308,2.140648215092688,-2.8159395267835925,-0.0736423169582585,0.8595617221997816,SOFT,,0,0.01890119,0.05233786627650261
2024,Dutch Grand Prix,STR,0.1391326701657816,0.294988269909589,-0.035207783961607855,0.28159395267835924,-0.36717350901329754,0.3491969496436612,SOFT,0.4604817619731183,0,0.006289327,0.05168193206191063
2024,Dutch Grand Prix,TSU,-0.39139264628232145,-0.28367085276944215,-0.32210263501184333,0.28159395267835924,-0.026074021012583954,0.09401456336560107,SOFT,0.15371576206574475,0,0.00046297698,0.05138169229030609
2024,Dutch Grand Prix,VER,-0.9628545810484471,-0.8991492628550437,-0.8731679924746641,0.5631879053567185,-1.1004213879808313,-0.1611678229124591,SOFT,0.4149638765473138,0,0.0020365287,0.05146260932087898
2024,Dutch Grand Prix,ZHO,0.1546174534271714,0.42286339649082433,0.47324942730565156,0.5631879053567185,2.6493525753467795,-1.43707975430276,SOFT,0.22002219605949522,0,0.0008756099,0.051402896642684937
2024,Emilia Romagna Grand Prix,ALB,0.36234395914097944,0.2826009212552062,0.6982959333580088,-1.2648096058446543,0.5726028501279485,-0.18068217430052594,SOFT,0.7113990332135398,0,0.0072686933,0.04846499487757683
2024,Emilia Romagna Grand Prix,ALO,-0.08641705919124881,-0.6685874019578449,0.09715421681502731,0.25905738914890564,1.5650037288848901,-1.8068217430052593,SOFT,0.5250436134049756,0,0.00014858905,0.04812115058302879
2024,Emilia Romagna Grand Prix,BOT,-0.38187515495718144,-0.9841175822034965,0.6031657627266087,-0.045716009849806366,1.1622301504772647,-1.2647752201036815,SOFT,-0.32273349796447287,0,0.00025893646,0.0481264591217041
2024,Emilia Romagna Grand Prix,GAS,0.24863380396924253,-0.8920027209695697,0.554588654319095,1.1733775861450415,0.3165440459856378,-1.2647752201036815,SOFT,0.24578329707864285,0,0.00041406558,0.04813392087817192
2024,Emilia Romagna Grand Prix,HAM,0.14411248444397232,1.089694782527987,-0.9978547685376283,-0.6552628078472303,-0.39073189410473014,1.2647752201036815,SOFT,-0.6945732657754232,0,0.013070957,0.048747021704912186
2024,Emilia Romagna Grand Prix,HUL,-0.739501396038153,-0.6959128781688225,0.07286566261127048,-0.35048940884851837,-0.30076528724392254,0.3613643486010519,SOFT,-1.2658927155051602,0,0.0019533546,0.048208076506853104
2024,Emilia Romagna Grand Prix,LEC,0.6456582224464504,1.3017739696857826,-1.7892568263433237,0.25905738914890564,-1.1298421720073992,1.4454573944042075,SOFT,1.121203604436662,0,0.007659953,0.048483964055776596
2024,Emilia Romagna Grand Prix,MAG,-0.4151510033849115,0.011835457823040369,0.6861516562561304,1.1733775861450415,1.477805325312101,-1.2647752201036815,SOFT,-0.2378986011492613,0,0.0014982739,0.04818613827228546
2024,Emilia Romagna Grand Prix,NOR,-2.314875809049193,-0.9956036427188797,0.384568774892826,0.25905738914890564,-1.313927690661052,1.0840930458031557,SOFT,-0.6670189716435423,0,0.10169414,0.053264349699020386
2024,Emilia Romagna Grand Prix,OCO,0.21167571319362072,-0.15490270326971395,0.44124206803490607,0.8686041871463296,0.16567696678828558,0.3613643486010519,SOFT,-0.14805432749543976,0,0.0010971611,0.04816681519150734
2024,Emilia Romagna Grand Prix,PER,1.0475908975905859,1.2428079843323796,-0.48172299170779576,-1.5695830048433663,-0.11114336201421303,-0.5420465229015778,SOFT,2.258826463123864,0,0.0025570942,0.048237185925245285
2024,Emilia Romagna Grand Prix,PIA,-1.2623782638290721,-1.236373045219743,-1.4006399590832432,0.25905738914890564,-1.337457418609278,0.3613643486010519,SOFT,-0.7103800757414981,0,0.4800738,0.07776153832674026
2024,Emilia Romagna Grand Prix,RIC,-0.08398137609843975,0.28250668401827256,0.3582561745054132,1.1733775861450415,-0.1554346146226073,0.3613643486010519,SOFT,0.3193366300815678,0,0.0016695498,0.04819439351558685
2024,Emilia Romagna Grand Prix,RUS,1.3336272555616702,0.8499405275231532,-0.9695181219665595,1.1733775861450415,-0.7644393379881121,0.9034108715026297,SOFT,-0.271554084569179,0,0.0032657634,0.048271384090185165
2024,Emilia Romagna Grand Prix,SAI,1.4105272245416618,1.562950072837262,-0.7428249493981817,0.25905738914890564,-0.7658234396321115,1.2647752201036815,SOFT,-2.1916247674661653,0,0.0018388159,0.048202551901340485
2024,Emilia Romagna Grand Prix,SAR,-1.7447305587854736,-1.788038050353087,2.1414408622978263,-1.5695830048433663,1.3075608230985605,-0.9034108715026297,SOFT,0.5152184386699951,0,0.00078934495,0.04815198853611946
2024,Emilia Romagna Grand Prix,STR,0.1424641725371104,-0.43830984491270214,0.40683328291292686,-0.6552628078472303,0.2847097081733562,0.3613643486010519,SOFT,1.1337576095763715,0,0.00024731917,0.048125896602869034
2024,Emilia Romagna Grand Prix,TSU,0.11206058344764691,0.582898372197466,-1.0201192765577292,1.1733775861450415,-0.5928107341305524,-0.7227286972021038,SOFT,-1.0517247257955018,0,0.0046606655,0.048338767141103745
2024,Emilia Romagna Grand Prix,VER,1.5827014509520336,1.3409868719497169,-0.694247840990668,-1.8743564038420784,-1.4398809402661985,0.9034108715026297,SOFT,0.9477996280195512,0,0.011854271,0.04868774488568306
2024,Emilia Romagna Grand Prix,ZHO,-0.21248514649133185,-0.6941477743764171,1.6516216858554067,-0.045716009849806366,1.450123292431857,-0.7227286972021038,SOFT,-0.21691328449952807,0,0.00024389189,0.0481257364153862
2024,Hungarian Grand Prix,ALB,-0.3192987280501887,-0.2594896345736934,-0.2516925465413741,0.41938150365960003,-0.06998205998415916,0.23525089835646762,SOFT,-0.12167605230392685,1,0.0013205298,0.04922296106815338
2024,Hungarian Grand Prix,ALO,-0.20317628598906232,-0.19068737945063932,-0.2425100384588547,0.41938150365960003,-0.46204410866174134,0.23525089835646762,SOFT,-0.32850728253846373,1,0.002602877,0.0492861233651638
2024,Hungarian Grand Prix,BOT,0.6246275180078484,0.5057822524608243,-0.11946443015334533,1.1594665101177182,-0.11568877550356865,0.7781375868713927,SOFT,-2.155453742124274,1,0.0059070103,0.049449242651462555
2024,Hungarian Grand Prix,GAS,0.2519771584306433,0.8671156912401113,0.4351590580297666,0.17268650150689402,1.694297159064975,-1.5743713966932824,SOFT,1.4792362196253035,0,0.0003312742,0.049174290150403976
2024,Hungarian Grand Prix,HAM,-0.7812873764382278,-0.7402884145056762,-0.529004290632917,-0.567398504951224,-0.6540123138432612,1.1400620458813426,SOFT,0.719134237029654,1,0.0024329303,0.04927774891257286
2024,Hungarian Grand Prix,HUL,-0.18903347928180078,-0.2481150599588885,0.25701840122921915,0.41938150365960003,-0.1837409963880276,0.23525089835646762,SOFT,1.0085964111236392,1,0.0001979974,0.04916774109005928
2024,Hungarian Grand Prix,LEC,3.3616684561180077,2.5972258100534726,1.1660867013968907,-2.7876535243255782,-0.6164312366384086,0.23525089835646762,SOFT,,1,0.01375795,0.04983898997306824
2024,Hungarian Grand Prix,MAG,-0.6856198577636274,-0.751406591165524,-0.6171563682249361,0.17268650150689402,0.050886809944941123,0.05428866885149263,SOFT,-0.27008658049758955,1,0.0004931065,0.04918225482106209
2024,Hungarian Grand Prix,NOR,-0.5688952101353747,-0.5720409588615039,-1.5849927201206118,0.912771507965012,-1.2908592167470045,0.5971753573664177,SOFT,-1.6658912733685283,1,0.12191593,0.05553178861737251
2024,Hungarian Grand Prix,OCO,1.0832829389216823,2.144782659022416,0.18906784141872177,0.912771507965012,1.5754596987145248,-1.5743713966932824,SOFT,1.040651919823318,1,0.0005812268,0.0491865836083889
2024,Hungarian Grand Prix,PER,-0.1288890088311695,0.7353904332285633,-0.7273464652149602,-0.07400850064581198,1.4098998180553255,-2.1172580852082072,SOFT,0.9020499515913589,1,0.000508368,0.04918300360441208
2024,Hungarian Grand Prix,PIA,0.2151835351006406,0.12286219125312657,-0.060696378425341244,0.17268650150689402,-1.2685137113819696,0.7781375868713927,SOFT,0.40499541746785755,1,0.09809483,0.054224591702222824
2024,Hungarian Grand Prix,RIC,-0.8969436903212039,-1.0913804348375047,-0.5143122777009225,-0.320703502798518,-0.3005470471598422,-0.48859801966343236,SOFT,0.19966018298191043,1,0.0013790334,0.04922584071755409
2024,Hungarian Grand Prix,RUS,-1.0194715278128264,-0.9960064808815942,-0.6557229021714446,-0.567398504951224,1.4931876107795876,-1.0314847081783574,SOFT,-1.548263309522526,1,0.0033568894,0.04932330176234245
2024,Hungarian Grand Prix,SAI,-0.9542204805238307,-1.1642546915878142,-0.8559015783699707,0.41938150365960003,-0.8144936705558496,1.8639109639012426,SOFT,-0.5724505766520139,1,0.0052337945,0.049415964633226395
2024,Hungarian Grand Prix,SAR,-0.19367548636867177,-0.19358190020886742,-0.07355188974082665,0.17268650150689402,0.045808285998344876,-0.3076357901584574,SOFT,0.6997937658229896,1,0.0002735641,0.04917145520448685
2024,Hungarian Grand Prix,STR,0.885539732326972,0.13739283244058073,0.9695810284313567,0.912771507965012,-0.42954155540349936,0.23525089835646762,SOFT,-0.2325686678011366,1,0.015296992,0.049915753304958344
2024,Hungarian Grand Prix,TSU,0.08319371111158078,-0.08785157600770165,1.7537672186769837,-2.294263520020166,-0.38281913509477933,0.05428866885149263,SOFT,,1,0.004461739,0.04937782511115074
2024,Hungarian Grand Prix,VER,-0.8670546347777517,-0.9323301820236121,-1.1387228273110148,-0.320703502798518,-1.2441367964382846,1.1400620458813426,SOFT,0.5320772973512671,1,0.043231204,0.05132976919412613
2024,Hungarian Grand Prix,ZHO,0.30209271627639217,0.11688143436391697,2.600394463883633,0.666076505812306,1.5632712412426821,-0.48859801966343236,SOFT,-0.09129791800884028,1,0.0072314213,0.0495147742331028
2024,Italian Grand Prix,ALB,-1.5646821275549672,-2.1466119147061256,0.5068924931580928,0.31470759029532674,0.022475605335572312,1.053211813460654,SOFT,-0.21973070544222317,0,0.001741966,0.0479922816157341
2024,Italian Grand Prix,ALO,-0.23983010523270404,-0.481221217320561,-0.14427030931634394,0.31470759029532674,0.19995287724104738,-0.16538036740291248,SOFT,-0.6379092659239618,0,0.00039014762,0.04792745038866997
2024,Italian Grand Prix,BOT,0.17558681796547293,-0.48644811619751815,0.1978260905343518,0.8182397347678495,1.1891704583535214,-1.5580571455327028,SOFT,-0.8602295285072362,0,0.002621092,0.048034489154815674
2024,Italian Grand Prix,COL,1.7595852688959246,1.8026935131053643,0.9598753122707677,-0.4405906264134574,1.1309811888763281,-1.5580571455327028,SOFT,2.2688570439084708,0,0.0006706492,0.04794089123606682
2024,Italian Grand Prix,GAS,1.4605269966882133,0.6153384936342245,1.0424503053381713,0.06294151805906535,0.6611028378478868,0.008704229863311312,SOFT,0.7682559487842672,0,0.002169545,0.048012807965278625
2024,Italian Grand Prix,HAM,-1.3314899520588168,-0.08570512381284846,-1.5079373376867478,-0.18882455417719604,-1.1209435398915077,1.053211813460654,SOFT,0.09693047065879441,0,0.09180277,0.05251511186361313
2024,Italian Grand Prix,HUL,0.2661384512807257,0.35256621426979406,-0.5595045601696181,0.5664736625315882,0.08066487481276573,1.053211813460654,SOFT,-0.8186022633382294,0,0.018154738,0.048786461353302
2024,Italian Grand Prix,LEC,-0.5750881627343936,0.49695306808478523,-1.1446073681901454,0.5664736625315882,-1.196589590211884,1.5754656052593254,SOFT,0.012683882447806188,0,0.053321205,0.05053263530135155
2024,Italian Grand Prix,MAG,0.9238711843897699,1.4832317491685583,0.2874789401503909,-2.9582513487760713,0.6029135683706728,-0.6876341592015838,SOFT,,0,0.0025010686,0.04802872613072395
2024,Italian Grand Prix,NOR,-0.43067428776593175,-0.09358694981796499,-1.5008594811381122,0.5664736625315882,-1.3915236429605211,0.008704229863311312,SOFT,0.014156463453400117,0,0.026690856,0.049204692244529724
2024,Italian Grand Prix,OCO,0.5918953037319348,-0.15693987937324164,1.15569601011634,-0.4405906264134574,0.6989258630080646,-1.0358033537340314,SOFT,,0,0.0012774434,0.0479699932038784
2024,Italian Grand Prix,PER,-1.109498386376991,-1.6012825649014721,0.7097910475523006,-1.6994209875947643,-0.3222958163168803,0.5309580216619827,SOFT,1.002350495841903,0,0.0024133425,0.04802451282739639
2024,Italian Grand Prix,PIA,-0.8269420840794769,-1.151551934718705,-1.2248230757413259,0.8182397347678495,-1.2329578836351247,0.7050426189282064,SOFT,-0.9474297977690225,0,0.3524983,0.06815581768751144
2024,Italian Grand Prix,RIC,0.3170149795671157,0.28434974126727247,-0.1820188775757447,0.06294151805906535,0.284327317982984,0.008704229863311312,SOFT,-0.6306827813403443,0,0.0063850405,0.048215627670288086
2024,Italian Grand Prix,RUS,-1.64305560510258,-1.135713221729906,-0.6869059780450579,-0.6923566986497188,-1.2271389566874178,1.053211813460654,SOFT,-0.9937887580206256,0,0.14341293,0.05529658496379852
2024,Italian Grand Prix,SAI,0.12390092477103817,0.48883046968214555,-1.2649309295169497,0.8182397347678495,-1.1878611997903028,1.053211813460654,SOFT,-0.1682848039729654,0,0.06633183,0.05119439214468002
2024,Italian Grand Prix,STR,0.7234589703410078,0.6708926235614705,-0.03338389005439822,1.070005807004111,1.0611540655036793,-1.5580571455327028,SOFT,0.45980716642024494,0,0.0007364369,0.047944046556949615
2024,Italian Grand Prix,TSU,1.1485470129117459,0.866682957466485,0.844270321976376,-0.9441227708859802,0.9622323073924134,-1.0358033537340314,SOFT,2.089406005266517,0,0.0009632835,0.047954924404621124
2024,Italian Grand Prix,VER,-0.6163727682128218,-0.5482443469213739,0.549359632449906,0.31470759029532674,-0.9041885110889178,0.008704229863311312,SOFT,-0.2366531243738208,0,0.005485665,0.04817228019237518
2024,Italian Grand Prix,ZHO,0.8471075685757657,0.8257664392596205,1.9956016538877135,1.070005807004111,1.6895981758574758,-0.51354956193536,SOFT,-1.1991364480929727,0,0.003906469,0.048096269369125366
2024,Japanese Grand Prix,BOT,0.8156244828826218,-0.06499099507267551,0.841373346670535,-0.75,0.7064062085567308,0.39972816850411264,SOFT,,1,0.0057411348,0.09795043617486954
2024,Japanese Grand Prix,HAM,-0.31155053995416515,0.650873004302909,-1.2107639747820502,0.75,-0.7566489742041506,0.39972816850411264,SOFT,,1,0.09799761,0.10741695761680603
2024,Japanese Grand Prix,HUL,0.1229466419775709,0.30277267118964163,0.19262489953921816,0.0,0.5312641733773679,0.39972816850411264,SOFT,,1,0.0025017003,0.09763365238904953
2024,Japanese Grand Prix,LEC,-0.32336218899446106,-0.2517730408785389,-0.8626502468497577,0.0,-0.7212667448749948,0.39972816850411264,SOFT,,1,0.0025719823,0.0976405069231987
2024,Japanese Grand Prix,NOR,-0.22940028809942248,0.969406152286701,-0.2502498375246139,-0.75,-1.246692850413058,-0.17131207221604813,SOFT,,1,0.028666994,0.10022196918725967
2024,Japanese Grand Prix,OCO,-0.5112860030457709,,1.142205074204553,-1.5,1.0920725082446123,-1.3133925536563695,SOFT,,1,0.0009956382,0.0974867045879364
2024,Japanese Grand Prix,PIA,-1.7220090581419925,0.014964867508293464,-1.260114562697749,1.5,-0.7672636430028998,-0.4568321925761285,SOFT,,1,0.061990485,0.10361799597740173
2024,Japanese Grand Prix,SAI,0.8265369790245202,1.3776676291041932,0.49857884378304856,-0.75,-0.9052543373866403,-0.4568321925761285,SOFT,,1,0.05560597,0.102958545088768
2024,Japanese Grand Prix,TSU,-0.6119752371101215,-1.2965096965068708,-0.6473201367026191,1.5,0.3879661445942529,2.112848890664595,SOFT,,1,0.00275925,0.09765879064798355
2024,Japanese Grand Prix,ZHO,1.9444752114612345,-1.7024105919336485,1.556316594359435,0.0,1.6794175151087045,-1.3133925536563695,SOFT,,1,0.00025392967,0.09741442650556564
2024,Las Vegas Grand Prix,ALB,-1.974113487095421,-2.730408982093763,3.5396569472324493,-3.531253123330675,1.465072023168769,-1.3471916616184676,SOFT,,0,0.0015293326,0.04865064099431038
2024,Las Vegas Grand Prix,ALO,0.3659443758385231,-0.6507562702224827,0.1994251543111994,-0.009268380901130512,1.2339815600101487,-1.3471916616184676,SOFT,-0.07681905042054597,0,0.00032826053,0.04859225079417229
2024,Las Vegas Grand Prix,BOT,0.5707301618100492,0.4185386219735824,-0.13547514481196324,0.5468344731666923,1.4719908993112558,-1.0665267321146203,SOFT,0.5007077548068625,0,0.0019293728,0.04867010936141014
2024,Las Vegas Grand Prix,COL,-0.3929910241375876,-0.9897774509690124,0.5407045067509901,1.102937327234515,0.5254886430208519,-0.7858618026107728,SOFT,-0.7820743052090422,0,0.0017827326,0.048662975430488586
2024,Las Vegas Grand Prix,GAS,-0.2609695115158924,-0.4732262993590998,-0.4297089790415976,1.102937327234515,-0.9717561542104255,1.3191251686680832,SOFT,-0.276946442723784,0,0.007989609,0.04896595701575279
2024,Las Vegas Grand Prix,HAM,1.6523810467944378,1.5419573341514963,-1.0883462339838095,-0.19463599892373812,-1.105982351374425,0.336797915404617,SOFT,0.16638102050418196,0,0.013851327,0.04925382882356644
2024,Las Vegas Grand Prix,HUL,-0.4539388342148164,0.23663189111096955,-0.2965462410569108,-0.3800036169463457,-0.4210136132695326,0.19646545065269327,SOFT,1.0330418269092674,0,0.0032130084,0.04873262718319893
2024,Las Vegas Grand Prix,LAW,0.5836581770151668,0.856780456377219,0.3836203188289451,-0.19463599892373812,0.9973559959375624,-0.7858618026107728,SOFT,-0.12099908510684972,0,0.0018454521,0.048666030168533325
2024,Las Vegas Grand Prix,LEC,-0.9695590727268498,-0.014773641322474008,-0.6992239816692797,0.7322020911892999,-0.8070869020195542,1.0384602391642357,SOFT,0.8813033410263903,0,0.011728318,0.049149367958307266
2024,Las Vegas Grand Prix,MAG,1.1983763009062174,0.9748315950948258,-0.40180062078132556,-1.1214740890367763,-0.0958264345732744,-0.5051968731069254,SOFT,2.9531954211664493,0,0.002169572,0.04868180304765701
2024,Las Vegas Grand Prix,NOR,-0.003550814828630839,0.24719219159341646,-1.0795750356734444,-0.19463599892373812,-0.49573747560825027,0.6174628449084645,SOFT,-0.9010990327997007,0,0.2138377,0.06015793979167938
2024,Las Vegas Grand Prix,OCO,-1.0852225883734514,-0.7853973347240817,0.024798569768412874,0.1760992371214771,-0.20099335193886395,0.336797915404617,SOFT,-0.06268469440883842,0,0.00053896155,0.04860248789191246
2024,Las Vegas Grand Prix,PER,-0.7677615531156098,-0.8110067138477342,0.6898148780272643,-0.19463599892373812,1.0914527114752002,-0.7858618026107728,SOFT,-1.096533862033701,0,0.0026653416,0.048705942928791046
2024,Las Vegas Grand Prix,PIA,0.05358420681488072,0.49496574732411475,-0.31249387434848674,0.1760992371214771,-0.47359707195232736,-0.2245319436030779,SOFT,-0.2370519144410019,0,0.019957107,0.04955547675490379
2024,Las Vegas Grand Prix,RUS,-1.0547642120008613,0.1011212918247677,-0.9368437177138098,0.3614668551440847,-1.458845034640572,1.3191251686680832,SOFT,-1.1077409771351105,0,0.15935938,0.05696830898523331
2024,Las Vegas Grand Prix,SAI,-0.1481828064814878,-0.21044667724793395,-0.8650793679017011,0.7322020911892999,-1.3232350622480908,1.1787927039161594,SOFT,-0.7311494562627556,0,0.0700724,0.05210225284099579
2024,Las Vegas Grand Prix,STR,-0.39244371379893606,-0.4782812919149818,0.04872001970578244,0.5468344731666923,1.546714761649954,-1.7681890558742388,SOFT,-0.9281151358437592,0,0.00076047453,0.048613253980875015
2024,Las Vegas Grand Prix,TSU,1.6079991174471477,1.9178452227119926,-0.15381492309727612,-0.3800036169463457,-0.4666781958098601,1.3191251686680832,SOFT,1.240823603846249,0,0.00079684687,0.048615023493766785
2024,Las Vegas Grand Prix,VER,-0.27492918116221543,0.07814501962306065,0.5135935301553122,-0.009268380901130512,-0.787714048820634,0.7577953096603882,SOFT,-0.45855782813897894,0,0.029070314,0.05000915378332138
2024,Las Vegas Grand Prix,ZHO,1.7457534128253085,0.27606528991611373,0.45857419529936216,0.7322020911892999,0.2764091018918126,0.19646545065269327,SOFT,0.004318816264667564,0,0.0014033514,0.04864451289176941
2024,Mexico City Grand Prix,ALO,-0.08419441666253964,-0.24856969921066505,-0.18185673479793188,0.40312822964461226,0.2853526077738706,-0.4751265699290818,SOFT,2.363556653852189,1,0.00026732578,0.05196939781308174
2024,Mexico City Grand Prix,BOT,-0.36915344711770526,-0.2682856896991596,-0.2792774422265537,0.2897484150570651,0.6545788255004188,-0.8823779155825804,SOFT,-1.505225851017216,1,0.0049033184,0.052210886031389236
2024,Mexico City Grand Prix,COL,-0.16948587667512555,-0.022657825721857573,-0.04128036311364187,0.06298878588197082,0.9253447184999046,-1.4932549340628283,SOFT,-0.013659799863955522,1,0.0003970136,0.05197614058852196
2024,Mexico City Grand Prix,GAS,-0.31432074040332686,-0.3365910554553282,-0.026752713760254038,0.06298878588197082,-0.16756488597072383,0.9502531398581633,SOFT,-0.19614671018360924,1,0.0008315484,0.05199873074889183
2024,Mexico City Grand Prix,HAM,0.059781516712964916,0.09212080537738244,-0.31004187615138357,0.5165080442321595,-0.5630471902911693,0.5430017942046647,SOFT,-1.1962298710921682,1,0.4099784,0.07828579097986221
2024,Mexico City Grand Prix,HUL,-0.6497653309104452,-0.6152117055707803,-0.16391081500844779,0.5165080442321595,0.001458671477447808,-0.2715008971023325,SOFT,-0.35769904595296215,1,0.00015199056,0.051963407546281815
2024,Mexico City Grand Prix,LAW,-0.43246852087923443,-0.2533531294092826,-0.1899751270836468,-0.16377084329312347,0.275506575301162,-0.8823779155825804,SOFT,-0.39466105748490754,1,0.0002422386,0.05196809396147728
2024,Mexico City Grand Prix,LEC,0.06753427485769613,0.061449157523055555,-0.47753712751989363,0.17636860046951797,-1.1964752793687232,1.5611301583384112,SOFT,0.06765456133530984,1,0.12111521,0.058645036071538925
2024,Mexico City Grand Prix,MAG,-0.38486684283261025,-0.27957117456282266,-0.32713322833184055,0.5165080442321595,-0.1774109184434324,0.9502531398581633,SOFT,-0.4559731209292108,1,0.0012127218,0.05201854929327965
2024,Mexico City Grand Prix,NOR,-0.2790025280395785,-0.15425791378455725,-0.4514728154446946,0.6298878588197065,-1.204680306429306,0.33937612137791534,SOFT,1.822690930374125,1,0.028353414,0.053449708968400955
2024,Mexico City Grand Prix,OCO,-0.426607716702893,-0.2534743810905721,-0.14895588185054032,0.06298878588197082,1.0221640378148644,-0.8823779155825804,SOFT,-0.39875819821111,1,0.00027137136,0.051969606429338455
2024,Mexico City Grand Prix,PER,-0.24460457774037153,-0.07660006512595392,-0.26175880624158315,0.2897484150570651,1.0123180053421559,-0.8823779155825804,SOFT,0.06590256644323313,1,0.0003887287,0.05197570472955704
2024,Mexico City Grand Prix,PIA,-0.45493683365555243,-0.08914949076889774,-0.4818099655650109,0.06298878588197082,0.989343929572487,-1.0860035884093298,SOFT,-0.47700439351603163,1,0.0004940776,0.051981184631586075
2024,Mexico City Grand Prix,RUS,3.8606280814590836,3.8220374006528175,0.015548382886387027,-2.6581267642191606,-1.047143786865992,1.1538788126849124,SOFT,,1,0.008305396,0.05238881707191467
2024,Mexico City Grand Prix,SAI,-0.36495078917836793,0.15760917304359104,-0.5578664827680585,0.5165080442321595,-1.7199560058343801,1.5611301583384112,SOFT,-0.3915899928634999,1,0.32110044,0.0716281533241272
2024,Mexico City Grand Prix,STR,-0.3653126736066767,-0.3163011661911248,-0.04897147159484934,0.5165080442321595,0.4921192897007273,-0.2715008971023325,SOFT,-0.07726695468929742,1,0.0002189027,0.05196688324213028
2024,Mexico City Grand Prix,VER,0.5143005513492045,-1.1759006136806813,3.943568397760695,-2.6581267642191606,-1.3507297881078086,0.9502531398581633,SOFT,,1,0.17069411,0.061625875532627106
2024,Mexico City Grand Prix,ZHO,0.037425870025510025,-0.04329262632516168,-0.010515929188812004,0.8566474879948008,1.768821500328567,-0.8823779155825804,SOFT,1.144410283799112,1,0.00043205818,0.05197795853018761
2024,Monaco Grand Prix,ALB,-0.47643660366051677,-0.30465571723770457,-0.0354797740391164,1.2500000000000002,-0.27326586477353093,1.0699413348284976,SOFT,0.25104833990560044,1,0.0011248903,0.059458598494529724
2024,Monaco Grand Prix,ALO,-0.5332567703663315,-0.6971657432277397,-0.8436969996080533,0.7500000000000002,1.0121263555831097,-1.6911975937611734,SOFT,1.2190490484497782,1,0.00014232732,0.05940021201968193
2024,Monaco Grand Prix,BOT,0.6396129077404271,1.0541493953888934,1.2474047109909252,-0.7500000000000002,1.603814837969487,-1.4150837009022064,SOFT,0.9593339856680625,1,0.0010311464,0.059453029185533524
2024,Monaco Grand Prix,GAS,0.2154382406768988,0.21539246884488797,0.7550977898606415,0.25000000000000006,-0.3356751976012946,0.10354270982211267,SOFT,0.6203514963783741,1,0.010356245,0.06001003086566925
2024,Monaco Grand Prix,HAM,-0.13160979135145537,-0.04449572669250629,-1.3039318086125922,-0.7500000000000002,-0.6657245539020223,0.931884388399014,SOFT,-0.5881084936777556,1,0.42240268,0.09060941636562347
2024,Monaco Grand Prix,LEC,-0.5077592893220146,-0.26589009031523925,-1.6054096625946341,0.7500000000000002,-1.086987550489487,0.6557704955400468,SOFT,-0.2404263443523226,1,0.15997718,0.06969528645277023
2024,Monaco Grand Prix,NOR,-0.9798409065414326,-0.9440919616418018,-0.5229758783505372,0.25000000000000006,-0.7605387326211308,0.7938274419695304,SOFT,0.1892919093643572,1,0.0083047,0.05988704040646553
2024,Monaco Grand Prix,PIA,-0.6629211492657839,-0.09144846851215173,0.1393132370462188,0.25000000000000006,-0.9021599109610705,0.37965660268107976,SOFT,-1.6809449446790854,1,0.04045979,0.06184401363134384
2024,Monaco Grand Prix,RIC,-0.007646764003080527,0.3314034133899452,0.4776740199728911,0.7500000000000002,0.36762997618860355,-0.034514236607370886,SOFT,-0.3699039272499823,1,0.002092724,0.05951618030667305
2024,Monaco Grand Prix,RUS,0.8760202036101592,0.3107213743697758,-0.03066895722025355,-1.2500000000000002,-0.7593385531436679,0.931884388399014,SOFT,-1.3564192805435078,1,0.0062117246,0.05976182967424393
2024,Monaco Grand Prix,SAI,2.058986265360665,2.102713144899275,-0.5085434278939487,0.5000000000000001,-0.7893430400801039,0.931884388399014,SOFT,0.6083298860849571,1,0.008928802,0.05992443114519119
2024,Monaco Grand Prix,SAR,-1.8967819198287035,-2.5148477466150836,0.8192420141121538,0.0,1.0133265350605556,-1.2770267544727227,SOFT,-2.0361984201953467,1,0.0013488772,0.05947192385792732
2024,Monaco Grand Prix,STR,1.3693958586847643,0.5773086235410563,-0.348182867265202,-2.7500000000000004,0.46484451386263775,-1.0009128616137557,SOFT,0.595118127424736,1,0.004099898,0.05963575839996338
2024,Monaco Grand Prix,TSU,0.009730621273701645,0.3511646860658173,0.11205194173933689,0.5000000000000001,-0.381282017744663,0.5177135491105633,SOFT,-0.11542202622439449,1,0.04376212,0.06204858049750328
2024,Monaco Grand Prix,VER,-0.9554989271027573,-0.7031181965288653,-0.7474806632307962,0.7500000000000002,-0.7305342456847119,0.5177135491105633,SOFT,0.7185072290748518,1,0.006904845,0.05980326980352402
2024,Monaco Grand Prix,ZHO,0.9825680240954832,0.6228605442714394,2.3955863250928067,-0.5000000000000001,2.223107448337392,-1.4150837009022064,SOFT,1.2263934145716766,1,0.0014914491,0.05948040261864662
2024,Saudi Arabian Grand Prix,ALB,-0.377610327831775,-0.3097110222335527,0.4631361947853741,0.7646399823308205,-0.17523462608891335,0.2959503957257349,SOFT,0.23125262016669126,1,0.00049964193,0.05167403817176819
2024,Saudi Arabian Grand Prix,ALO,-0.3497869654908846,-0.5982357235554738,-2.042103038208806,1.10250416057002,-0.32668289138019874,0.4521464379143172,SOFT,0.39557450354594215,1,0.027383033,0.053082045167684555
2024,Saudi Arabian Grand Prix,BOT,1.792538273609314,0.4977518162301986,1.4110645532156123,0.4267758040916208,-0.1486577259187498,-0.9536179417829233,SOFT,1.157288800552671,1,0.0007989861,0.051689501851797104
2024,Saudi Arabian Grand Prix,GAS,0.8276152066121065,0.992622519251177,-0.21655968859453015,1.4403683388092199,-0.10859204727026199,-1.2660100261600877,SOFT,0.02273339950010358,0,0.0010221958,0.05170104652643204
2024,Saudi Arabian Grand Prix,HAM,-0.36459302306666896,-0.6985405602436109,-0.279060459480042,-2.6140018000611764,-0.24468180241296092,1.5455187332343931,SOFT,1.9325655986241073,1,0.002828929,0.051794540137052536
2024,Saudi Arabian Grand Prix,HUL,-1.1187825915952478,-1.437855379971844,1.2131454454114792,-0.2489525523867786,-0.16521820642679094,-0.9536179417829233,SOFT,-0.573211078931256,1,0.00024006308,0.05166062340140343
2024,Saudi Arabian Grand Prix,LEC,-1.2385792554840318,-0.816649144078432,-1.1228208664344148,-0.924680908865178,-0.3340282657990892,1.3893226910458107,SOFT,-0.44777447500807216,1,0.122066595,0.05835367739200592
2024,Saudi Arabian Grand Prix,MAG,-1.3485674393029514,-0.6623137419533186,0.9735591570170294,-0.924680908865178,-0.16989253560244932,-0.016441688651429625,SOFT,0.8599819471328232,1,0.0014507634,0.05172320082783699
2024,Saudi Arabian Grand Prix,NOR,0.6921391815834768,0.9956067397886955,0.38240603239157567,-1.2625450871043777,-0.28848694440197314,1.2331266488572286,SOFT,0.2842588115543953,1,0.0029003997,0.05179823562502861
2024,Saudi Arabian Grand Prix,OCO,1.570897964410533,1.8823286218704138,0.754806458917738,0.7646399823308205,-0.10912625631890914,-0.6412258574057588,SOFT,0.6468328098299766,1,0.0025888435,0.05178210511803627
2024,Saudi Arabian Grand Prix,PER,-1.565468339355741,-0.8693029494407709,-0.8103170120068927,0.4267758040916208,-0.3318914296045024,0.2959503957257349,SOFT,-0.08938451289454909,1,0.011535885,0.05224747955799103
2024,Saudi Arabian Grand Prix,PIA,-0.18624074865919824,-1.1521685792268992,-0.044682568659409595,0.4267758040916208,-0.29422969167492397,1.2331266488572286,SOFT,-1.3161901658161572,1,0.0014311124,0.05172218754887581
2024,Saudi Arabian Grand Prix,RIC,0.8160309801143182,0.2945444012241793,1.2417916320673266,0.7646399823308205,-0.1692247742916399,-0.797421899594341,SOFT,-0.07485327666000338,1,0.0011206575,0.051706135272979736
2024,Saudi Arabian Grand Prix,RUS,1.0646367723258525,0.537726668173234,-1.4431373172226631,-1.2625450871043777,-0.2639133281642341,0.920734564480064,SOFT,-0.785588703488149,1,0.078676954,0.055875878781080246
2024,Saudi Arabian Grand Prix,SAR,-0.7300005511058064,-1.118865268843354,0.8407450188853168,-0.2489525523867786,-0.1023150909486659,-0.797421899594341,SOFT,-2.6261176962973507,1,0.0013042017,0.05171562731266022
2024,Saudi Arabian Grand Prix,STR,0.030822272619453677,-0.03571586588753361,-0.7165658556786249,0.4267758040916208,-0.2727277774669018,-0.9536179417829233,SOFT,0.3846685744641316,0,0.0006381302,0.05168118700385094
2024,Saudi Arabian Grand Prix,TSU,-0.5402369683915723,-0.3071866141574328,0.14281974399712594,0.4267758040916208,-0.2330627556048989,0.6083424801028995,SOFT,0.11001077001539947,1,0.0006970828,0.051684241741895676
2024,Saudi Arabian Grand Prix,VER,0.004221593630237553,0.9702706794156507,-1.1801132397461465,0.0889116258524211,-0.37663143742864863,0.13975435353715265,SOFT,-0.9282678710019268,1,0.088441715,0.05642416328191757
2024,Saudi Arabian Grand Prix,ZHO,1.020963965378526,1.8356934036386865,0.4318858093426182,0.4267758040916208,4.114597586804716,-1.7345981527258347,SOFT,0.8162199447112227,1,0.00069327897,0.05168404057621956
2024,Singapore Grand Prix,ALB,0.2572297212299593,0.7484103147417637,-0.15084580350354704,-0.19937990977065378,0.027415602012914878,-0.18500030247660615,SOFT,-0.7858900789907463,0,0.007253972,0.04963860660791397
2024,Singapore Grand Prix,ALO,0.3645591280992974,0.7021202438082422,0.05522769855050746,-0.7690367948296623,-0.34676059343880933,1.2380789473434404,SOFT,-1.6262495158852754,0,0.008137627,0.049682486802339554
2024,Singapore Grand Prix,BOT,1.0500612655730834,0.355285890482603,2.190149179830636,0.3702769752883547,1.607590458189779,-1.038847852368634,SOFT,-0.10010355248589027,0,0.00252896,0.04940461739897728
2024,Singapore Grand Prix,COL,1.4842949344328926,1.0716700478189454,0.6878733498564952,1.5095907454063717,0.03748957650583246,-0.18500030247660615,SOFT,0.7586374511287746,0,0.0026733505,0.04941174387931824
2024,Singapore Grand Prix,GAS,-1.091684072735325,-0.33750429475982496,1.027894628245688,-0.19937990977065378,1.2334142627380549,-1.038847852368634,SOFT,-0.303096646934913,0,0.00069630664,0.04931415244936943
2024,Singapore Grand Prix,HAM,-0.7023701939793657,-0.989013186392813,-0.02926243729165313,-0.7690367948296623,-0.883559519990702,0.953463097379431,SOFT,0.02944891763374379,0,0.00530665,0.04954203590750694
2024,Singapore Grand Prix,HUL,-0.9259099973715259,-0.637701345149081,-0.11581330815436422,-0.19937990977065378,-0.4892353755531223,1.5226947973074496,SOFT,0.3384190023538201,0,0.0012903775,0.04934346303343773
2024,Singapore Grand Prix,LEC,0.25573598815355303,0.899617668114621,-1.9333815962712384,0.9399338603473631,-1.0188386060386219,0.38423139745141244,SOFT,0.9052116551933203,0,0.018612344,0.05020563304424286
2024,Singapore Grand Prix,MAG,-0.8169053369275808,-0.5965260871633491,0.14383930443376905,-0.19937990977065378,0.2850215211892921,-0.18500030247660615,SOFT,-0.13266125798300243,0,0.0003575885,0.049297451972961426
2024,Singapore Grand Prix,NOR,0.42243146899613326,0.3976988675249476,-2.052904227462582,1.5095907454063717,-1.3383275113858488,0.953463097379431,SOFT,-1.9627330959214484,0,0.16816886,0.05830476060509682
2024,Singapore Grand Prix,OCO,-0.36501719834311236,-0.2269332518196798,0.8156389211300114,0.3702769752883547,0.4519616699292883,0.6688472474154218,SOFT,0.21178354358297818,0,0.0011729655,0.049337662756443024
2024,Singapore Grand Prix,PER,0.6028353663336169,0.8965869589451492,-0.2580040245716753,-0.19937990977065378,0.17852521940686272,0.38423139745141244,SOFT,0.13706048772163906,0,0.0046418617,0.049509111791849136
2024,Singapore Grand Prix,PIA,1.968840653870091,1.2118065810590934,-0.5135351671187075,1.5095907454063717,-1.1728265018591353,-0.18500030247660615,SOFT,1.4226419590124493,0,0.003988757,0.04947678744792938
2024,Singapore Grand Prix,RIC,-0.14034234740380555,-0.1626580242626702,-0.5052922270365641,0.3702769752883547,0.906729661324435,-1.892695402260662,SOFT,0.3695054314028408,0,0.00035811472,0.049297478049993515
2024,Singapore Grand Prix,RUS,-2.305561956251083,-3.110400065319426,-0.48468487683114697,-1.9083505649476793,-0.8461419004455153,1.2380789473434404,SOFT,-1.2439377004085193,0,0.011216815,0.049835704267024994
2024,Singapore Grand Prix,SAI,-0.6517521077843383,-0.7743317094178783,-0.7567018995425246,-0.7690367948296623,-0.4993093500460399,0.6688472474154218,SOFT,-0.11783551148004372,0,0.02400092,0.05047689378261566
2024,Singapore Grand Prix,STR,-0.3962020228177963,0.04631235515095862,0.4817998478024114,-1.9083505649476793,0.919681914243918,-1.892695402260662,SOFT,1.5291394757212198,0,0.00058617175,0.04930872097611427
2024,Singapore Grand Prix,TSU,-0.4723254683866178,-0.6324576564310461,-0.525899577241952,0.9399338603473631,-0.23882515244311767,-0.18500030247660615,SOFT,0.46070711604913955,0,0.00064697297,0.04931172728538513
2024,Singapore Grand Prix,VER,0.2516692628636014,0.2723611813520135,0.6136868891170285,-0.7690367948296623,-1.115260933328093,-0.18500030247660615,SOFT,1.4538391619335673,0,0.014100118,0.04997960105538368
2024,Singapore Grand Prix,ZHO,1.2104129124482996,0.8656555117174277,1.3102153260597598,0.3702769752883547,2.3012555589887302,-1.038847852368634,SOFT,-1.3438868416436536,0,0.0008421294,0.04932134598493576
2024,Spanish Grand Prix,ALB,0.09823338659714155,-0.19459500452114564,1.7547686506730948,1.7170464584426297,1.4531799646601087,-1.7588344426976228,SOFT,-0.6189965409596834,0,0.0009991575,0.04877004772424698
2024,Spanish Grand Prix,ALO,0.15637211821006322,-0.032742781890549334,0.30686965455445586,0.028148302597420554,-0.2075508456605691,0.029810753266061297,SOFT,-0.5221375821707981,0,0.0018147791,0.04880984127521515
2024,Spanish Grand Prix,BOT,0.2699088514959763,0.028737807446441322,-0.030838630853074377,0.5911143545458236,-0.047148552761298465,0.029810753266061297,SOFT,0.28917817613295155,0,0.0004846684,0.048744961619377136
2024,Spanish Grand Prix,GAS,0.9337001277773087,0.5643843328644824,-1.0035193810389265,-0.253334723376781,-0.6466318696575472,1.8184559492297454,SOFT,-1.4108349011510486,0,0.0037284724,0.04890333488583565
2024,Spanish Grand Prix,HAM,-0.22150996602893627,1.9311506237430633,-1.365494130068586,-1.0977838012993857,-0.8993869978624585,1.8184559492297454,SOFT,0.886804080097014,0,0.10133149,0.05391715466976166
2024,Spanish Grand Prix,HUL,-0.41491435619079226,-0.6779478947115675,0.2300258530844798,0.30963132857162207,0.0873301372451531,0.029810753266061297,SOFT,-0.34068378565849816,0,0.00014631209,0.048728473484516144
2024,Spanish Grand Prix,LEC,0.9704448123765801,0.5068433276091846,-0.6920997645553194,-1.9422328792219903,-0.8507802424384371,0.029810753266061297,SOFT,2.101498484324385,0,0.03527302,0.050470560789108276
2024,Spanish Grand Prix,MAG,0.0524666393528177,0.8954987850840616,0.16531528342555407,0.5911143545458236,1.1032113256071545,-1.7588344426976228,SOFT,-0.13968111511823314,0,0.0005506922,0.048748183995485306
2024,Spanish Grand Prix,NOR,-1.61738043433895,-1.6003899550668075,-1.2542728384672814,0.8725973805200252,-1.4146186053570624,0.029810753266061297,SOFT,-0.312198746313704,0,0.20328254,0.059704042971134186
2024,Spanish Grand Prix,OCO,1.5105482703511606,0.8011028129707709,-0.35034706854405784,0.5911143545458236,-0.23833512409579036,0.029810753266061297,SOFT,-1.0649105481483991,0,0.0067403275,0.04905084893107414
2024,Spanish Grand Prix,PER,0.05511119876161533,0.7109123077065514,0.2866476015360578,-1.6607498532477887,-0.32744750903981423,0.029810753266061297,SOFT,1.0821201367966264,0,0.001227107,0.04878116399049759
2024,Spanish Grand Prix,PIA,-1.8268844211010467,-1.6663507466352199,-0.6415446320092667,-0.253334723376781,-0.3971171918142526,-0.8645118447157808,SOFT,0.9451001147255321,0,0.00035633313,0.04873870685696602
2024,Spanish Grand Prix,RIC,0.2520483993562854,-0.48014711378862235,0.6425557346601923,0.30963132857162207,1.3268024005576529,-0.8645118447157808,SOFT,-0.6537552139953381,0,0.0017629075,0.04880731180310249
2024,Spanish Grand Prix,RUS,2.2460191645453413,1.4741074983196982,-0.439324101825113,0.028148302597420554,-0.8961465475008417,1.2222408839085175,SOFT,0.7807344918160102,0,0.0030565,0.04887048527598381
2024,Spanish Grand Prix,SAI,-0.6699859332853223,-0.25810125414649254,-1.3210056134280586,0.5911143545458236,-0.8426791165344182,0.029810753266061297,SOFT,0.254347661868353,0,0.011594689,0.04928953945636749
2024,Spanish Grand Prix,SAR,-0.8555904038279393,-1.5362452916111513,2.2866086450574308,1.1540804064942267,2.029980129025132,-0.8645118447157808,SOFT,-1.227296852869081,0,0.0016532218,0.048801958560943604
2024,Spanish Grand Prix,STR,0.6012384128213992,0.9844161571100003,0.9357755034272237,-0.5348177493509825,0.18778409845478966,0.9241333512479034,SOFT,1.7833903752100617,0,0.0018719728,0.048812635242938995
2024,Spanish Grand Prix,TSU,-1.0088857227024897,-0.9963328465436053,0.5495342907754632,0.5911143545458236,1.1809821342855888,-0.8645118447157808,SOFT,-1.093723236721888,0,0.0019790386,0.04881785809993744
2024,Spanish Grand Prix,VER,-0.9010650590420719,-0.3097853492498451,-0.8801648576265714,0.30963132857162207,-1.3822141017410328,0.029810753266061297,SOFT,0.0655573340065513,0,0.06395188,0.05193895846605301
2024,Spanish Grand Prix,ZHO,0.3701249148718313,-0.14451541468926127,0.8205098012222453,-1.9422328792219903,0.7807865146278278,0.9241333512479034,SOFT,-0.804512331870814,0,0.0514564,0.0512939915060997
